ID,Nisba,Arabic Nisba
1,Fūdī,فودي
5,Ḥasanī,حسني
6,ʿAlawī,علوي
7,Jakanī,جكني
8,Abyayrī,أبييري
11,Tamīmī,تميمي
13,Anṣarī,أنصاري
14,Kuntī,كنتي
16,Kinānī,كناني
17,Fāsī,فاسي
20,Daymānī,ديماني
22,Lakhmī,لخمي
23,Ribāṭī,رباطي
25,Draʿī,درعي
26,Murādī,مرادي
28,Samsadī,سمسدي / شمسدي
29,Mālikī,مالكي
30,Tujībī,تجيبي
32,Tafjarūtī,تفجروتي
33,ʿAsqalānī,عسقلاني
34,Tirmidhī,ترمذي
36,Azdī,أزدي
38,Aṣbaḥī,أصبحي
39,Suyuṭī,سيوطي
40,Zurqānī,زرقاني
46,Yaʿqūbī,يعقوبي
47,ʿAdawī,عدوي
48,Majlisī,مجلسي
50,Burnusī,برنسي
52,Hawwārī,هواري
53,Jawzī,جوزي
54,Nawawī,نووي
55,ʿIrāqī,عراقي
56,Afundī,أفندي
58,Qasṭallānī,قسطلاني
59,Bayqūnī,بيقوني
61,Ghazālī,غزالي
64,Masʿūdī,مسعودي
67,Shādhilī,شاذلي
68,ʿAyyāshī,عياشي
70,Maṣmūdī,مصمودي
71,Barkannī,بركني
74,Bukhārī,بخاري
75,Zukrī,زكري
76,Manjūrī,منجوري
77,Thumalī,ثملي
78,Qayrawānī,قيرواني
79,Tūnisī,تونسي
80,Zayyātī,زياتي
81,Ṣanhājī,صنهاجي
82,Qurṭūbī,قرطبي
83,Jazarī,جزري
84,Tandaghī,تندغي
85,Iskandarī,إسكندري
86,Mawṣilī,موصلي
87,Ishbīlī,إشبيلي
91,Miknāsī,مكناسي
92,Rundī,رندي
93,Baydarī,بيدري
95,Kūfī,كوفي
96,Alfagha Ḥayballī,ألفغي
100,Barādhiʿī,براذعي
101,Nūrī,نوري
102,Buraʿī,برعي
103,Ghallāwī,غلاوي
104,Tatāʾī,تتائي
106,Kharshī,خرشي
112,Ḥalabī,حلبي
114,Muʿṭī,معطي
115,Wansharīsī,ونشريسي
116,Sharbāṭī,شرباطي
119,Jazāʾirī,جزائري
120,ʿUkbarī,عكبري
122,Ghānī,غاني
123,Sanhūrī,سنهوري
124,Amīrī,أميري
126,Shaybānī,شيباني
129,Fīshī,فيشي
130,Tāwudī,تاودي
132,Manāwī,مناوي
133,Andalusī,أندلسي
136,Khafājī,خفاجي
137,Rumāṣī,روماصي
138,Bannānī,بناني
139,Namarī,نمري
140,Jilānī,جيلاني
141,Zanātī,زناتي
142,Sijilmāsī,سجلماسي
144,Qalashānī,قلشاني
146,Laqānī,لقاني
147,Judhāmī,جذامي
148,Sūsī,سوسي
149,Sūdānī,سوداني
150,Lawātī,لواتي
151,Shamshawī,شمشوي
152,Ragrāgī (Rajrājī ?),ركراكي (رجراجي ؟)
154,Yaznāshī,يزناشي
155,Shuqrāṭisī,شقراطسي
156,Baṣrī,بصري
157,Mūrītānī,موريتاني
158,Jaʿbarī,جعبري
161,Busātī,بصادي
162,Qādirī,قادري
163,Buqāʿī,بقاعي
164,Jūwaynī,جويني
165,Shāfiʿī,شافعي
172,Walātī,ولاتي
174,Ghadāmisī,غدامسي
176,Qurashī,قرشي
177,ʿAbdī,عبدي
178,Bakrī,بكري
179,Khuzāʿī,خزاعي
180,Muzanī,مزني
181,Janwaʿī,جنوعي
182,Tusūlī,تسولي
186,Dīnawarī,دينوري
187,Taftāzānī,تفتازاني
188,Qārrī,قاري
193,Tīshītī,تيشيتي
194,Kashānī,كشاني
195,Tustūrī,تستري
197,Wazzānī,وزاني
200,Fiyrūzābādī,فيروزابادي‏
202,Ṭāʾī,طائي
203,Fishtālī,فشتالي
209,Maqdisī,مقدسي
211,Shinqīṭī,شنقيطي
212,Qazwīnī,قزويني
214,Ghaṭfānī,غطفاني
215,Balawī,بلوي
216,Nafrāwī,نفراوي
217,Zarwālī,زروالي
218,Anbārī,أنباري
220,Khirqī,خرقي
221,Dabīlī (?),دبيلي
223,Hūrīnī,هوريني
224,Idyaydbī (Ijīyjīybī),إجيجيبي
225,Lamtūnī,لمتوني
227,Qalqamī,قلقمي
228,Ḥājī,حاجي
229,Tinwājīwī,تنواجيوي
232,Idawʿīshī,إدوعيشي
234,Bisṭāmī,بسطامي
235,Ḥawḍī,حوضي
236,Būzālī,بوزالي
238,ʿImrīṭī,عمريطي
239,Ḥarīrī,حريري
243,Ābbayrī,إبياري
246,Fransī,فرنسي
248,Gaṣarī,كصري
250,Ummī,أمي
251,Fālī,فالي
252,Almāmī,المامي
253,Shurafāʾ,شرفي
255,Kūrī,كوري
256,ʿAqyānī,عقياني
257,Waʿīẓī,وعيظي
258,Barnāwī,برناوي
260,Kindī,كندي
263,Dhubyānī,ذبياني
264,Khazrajī,خزرجي
265,Shabalī,شبلي
266,Tājūrī,تاجوري
267,Mallāwī,ملاوي
268,Kanawī,كنوي
269,Gharbī,غربي
273,Ṭanṭarānī,طنطراني
274,Fāzāzī,فازازي
277,Tinbuktī,تنبكتي
279,Ḥanafī,حنفي
281,Fūtī,فوتي
284,Ḥamawī,حموي
287,Awjailī,أوجلي
291,Ilibīrī,إلبيري
293,Gharnāṭī,غرناطي
294,Fallātī,فلاتي
296,Kāzarūnī,كازروني
298,Sandabūsṭī,سندبسطي
299,Bājī,باجي
300,Tijānī,تجاني
301,Kābarī,كابري
302,Jurjānī,جرجاني
309,Falakī,فلكي
312,Nabhānī,نبهاني
315,Kawlakhī,كولخي
316,Zakzakī,زكزكي
318,Kashnāwī,كشناوي
327,Jawsaqī,جوسقي
333,Kūmāsī,كوماساوى
336,Bustānī,بستاني
343,Tilimsānī,تلمساني
347,Baghdādī,بغدادي
355,Ḥaysūbī,حيسوبي
356,Ṭulayṭilī,طليطلي
359,Nāzilī,نازلي
361,Baghawī,بغوي
362,Mandawarī,مندوري
364,ʿAwfī,عوفي
365,Filālī,فلالي
367,Sāʿatī,ساعتي
369,Tawzarī,توزري
370,Fazzānī,فزاني
372,Azharī,أزهري
380,Aghīghī,أغيغي
382,Bājūrī,باجوري
384,Luṭfī,لطفي
387,Badamāṣī,بدماسي
388,Kanū Yalwa,كنوا يلوا
390,Nafzī,نفزي
392,Istikhbānī,إستخباني
396,Qāḍī,قاضي
397,Sijistānī,سجستاني
398,Faytūrī,فيتوري
401,Khūbawī,خوبوي
405,ʿAbbāsī,عباسي
409,Kanūrī,كنوي
411,Ṭabarsī,تبرسي
413,Ṭūrūdī,طورودي
420,Ṣūfī,صوفي
428,Maʿālī,معالي
429,Bayḥūrī,بيحوري
430,Sabtī,سبتي
433,Jazūlī,جزولي
435,Falākī,فلاكي
437,Anṭākī,أنطاكي
440,Ḥuḍayrī,حضيري
442,Dimyāṭī,دمياطي
445,Ghafārī,غفاري
447,Wushīshī,وشيشي
448,Salghawī,سلغوي
449,Wālī,والي
459,Husaynī,حسيني
460,Wurī,وري
461,Dunqulāwī,دنقلاوي
463,Lubaydī,لبيدي
465,Kānamī,كانمي
469,Barkawī,بركوي
471,Mizwārī,مزواري
473,Ilīrī,إليري
474,Janāwī,جناوي
476,Imbaṭūnī,إمبطوني
477,Salībī,سليبي
478,Ṭabarī,طبري
479,Kūnātī,كوناتي
480,Jawzāmī,جوزامي
481,Sādhalī,ساذلي
482,Marrākushī,مراكشي
483,Kinātī,كناتي
484,Badkī,بدكي
485,Zaghawī,زغوي
488,Subkī,سبكي
490,Taknī,تكني
491,Fulānī,فلاني
492,Akhḍarī,أخضري
495,Birnī,برني
496,Sīnighālī (Senegali),سينغالي
497,Hamdī,حمدي
498,Bāqī,باقي
499,Dīnī,ديني
500,Kafaghī,كفغي
501,Ādamī,آدمي
502,Mughnī,مغني
503,Turrākh,تراخ
504,Nāṣirī,ناصري
506,ʿAbqarī,عبقري
509,Māridīnī,مارديني
510,Ḥamzāwī,حمزاوي
513,Ajmānī,اجماني
514,Shamshawī (?),شمشوي (?)
515,Sarsī,سرسي
516,Ṭūrī,توري
517,ʿAyādī,عيادي
518,Shayḥwī (Sayāwī),شياوي
519,Qabītalī,قبيتلي
521,Sūqī,سوقي
522,Arawānī,أرواني
523,Tūwātī,تواتي
527,Junaydī,جنيدي
530,Tabshīnī,تبشيني
532,Hārī,هاري
534,Wārī,واري
535,Tāghīghū,تاغيغو
537,Jājānī,جاجاني
538,Shīdī,شيدى
539,Kunārī,كناري
540,Falghankī,فلغنكي
541,Karkī,كركي
545,Funduqī,فندقي
546,Hāshimī,هاشمي
548,Sanūsī,سنوسي
550,Ṣaḥrāwī,صحراوي
551,Diyārbakrī,دياربكري
553,Gobir,غوبر
554,Ṣababī,صببي
557,Sukkutī,سكتي
558,Biydārī,بيداري
559,Maghwārī,مغواري
560,Sanaghatī,سنغتي
561,Tārī,تاري
562,Taghlabī,تغلبي
563,ʿAṣarī,عصري
565,Makkī,مكي
566,Saʿdī,سعدي
568,Mūridī,موردي
569,Lakhṣī,لخصي
570,Khazarī,خزري
572,Bākarī,باكري
574,Shahībī,شهيبي
578,Fārsī,فارسي
579,Tāshidbītī,تاشدبيتي
580,Bārtaylī,برتلي
581,Shantamarī,شنتمري
582,Makkūdī,مكودي
584,Waznīdī,وزنيدي
585,Mbākī (Mbacke),أباكي
586,Nasafī,نسفي
589,Qunānī,قناني
591,Sakhāwī,سخاوي
592,Sbāʿī,سباعي
593,Massūmī,مسومي
595,Wadghīrī,ودغيري
596,Kumlaylī,كمليلي
597,Bulīmī,بليمي
601,Hashtūkī,هشتوكي
603,Thaʿālibī,ثعالبي
606,Rifāʿī,رفاعي
607,Barzanjī,برزنجي
608,Intābī,إنتابي
609,Yadmusī,يدمسي
613,Tilīdī,تليدي
615,Naḥwī,نحوي
616,Sadrāwī,سدراوي
617,Daymānīyya,ديمانية
619,Hilālī,هلالي
620,Abharī,ابهري
621,Tāggāṭī,تاكاطي
623,Kalbī,كلبي
626,Ḥaḍramī,حضرمي
627,Fākihānī,فاكهاني
629,Yadālī,يدالي
630,Shamharūsī,شمهروسي
631,Laythī,ليثي
632,Yūnusī,يونسي
634,Rāzī,رازي
638,Yamānī,يماني
639,Qushayrī,قشيري
640,Maḥjūbī,محجوبي
641,Maqqarī,مقري
642,Sakubī,سكوبي
645,Qaysī,قيسي
646,Bazaydī,بزيدي
647,Shawkānī,شوكاني
648,Saghānī,صغاني
650,Jumlī,جملي
653,Safṭī,سفطي
656,Buṣūbī,بصوبي
659,Bārikī,باركلي
660,Ṭarbanāṭī,طربناطي
661,Zubaydī,زبيدي
663,Qaddūrī,قدوري
664,Jawharī,جوهري
666,Yāfiʿī,يافعي
668,Yāzijī,يازجي
669,ʿAlamī,علمي
670,Miṣrī,مصري
673,Shāmī,شامي
674,Ujhūrī,أجهوري
676,Dalīmī,دليمي
679,ʿAyanī,عيني‏
680,Mannī,امني
685,Būlāqī,بولاقي
689,Ashʿarī,أشعري
690,Ṭibārī,طباري
691,Rasmūkī,رسموكي
694,Shahrastānī,شهرستاني
695,Wasīṭī,وسيطي
696,Sullamī,سلمي
697,Nasāʾī,نسائي
698,Ḥabṭī,حبطي
700,Salāwī,سلاوي
701,Mattījī,متيجي
702,Muzammirī,مزمري
703,Jaznāʾī,جزنائي
704,ʿUqbānī,عقباني
705,Dimashqī,دمشقي
707,Fanzārī,فنزاري
708,Burlusī,برلسي
709,Urmawī,أرموي
710,Yūsī,يوسي / مغربي
711,Āmidī,أمدي
714,Munāwī,مناوي
716,Kafrāwī,كفراوي
717,Jurādī,جرادي
719,Idrīsī,إدريسي
720,Salāljī,سلالجي
721,Hīhī,حيحي
723,ʿIbādī,عبادي
724,ʿUmarī,عمري
727,Juljulī,جلجلي
729,Anṣumānī,أنصماني
730,Ḥafṣī,حفصي
734,Ṭuhrāwī,طهراوي
736,Ḥumaydī,حميدي
737,Shīthī,شيثي
742,Wadānī,وداني
745,Dalajī,دلجي
748,Biskrī,بسكري
750,Mataqī,متقي
751,Māzirī,مازري
755,Janānī,جناني
756,Muḥāsibī,محاسبي
762,Mīlī,ميلي
763,Simlālī,سملالي
765,Ḥamdhānī,همذاني
766,Hanashī,حنشي
767,Kharṭūmī,خرطومي
768,Saylānī,سيلاني
770,Sirsīrī,سرسيري
772,Khaṣurī,خصري
776,Shubrāwī,شبراوي
777,Maghribī,مغربي
778,Kisāʾī,كسائي
781,Māsinī,ماسني
782,Qushayrī (?),قشيري
784,Khuthāmī,خثامي
787,Jawānī,جواني
788,Jawshāʿī,جوشاعي
789,Jawjī,جوجي
790,Taymī,تيمي
793,Baladī,بلدي
796,Jaʿfarī,جعفري
798,Kūmī,كومي
800,Shaʿrāwī,شعراوي
802,Zanjānī,زنجاني
804,Dārī,داري
806,ʿAdnānī,عدناني
807,Bayḍāwī,بيضاوي
808,Bijāʾī,بجائي
810,Mudwaī,مدوي
813,Mālaqī,مالقي
814,Rawāʿī,رواعي
817,Sukūnī,سكوني
820,Dindī,دندي
821,Tawankalī (?),تونكلي
823,Ismāʿīlī,إسماعيلي
825,ʿArūsī,عروسي
828,Sīllī,سيلي
829,ʿAzīzī,عزيزي
831,Dakarī,دكري
832,Zaghrānī,زغراني
833,Maqrīzī,مقريزي
835,Kabrānī,كبراني
836,Mutanabī,متنبي
837,Kharūbī,خروبي
839,Shadāwī,شداوي
841,Walātī (?),ولاتي (?)
842,Diyārī,دياري
843,Wusī,وسي
844,Kasamānī,كسماني
845,Baynābūwī,بينابوي
846,Qābisī,قابسي
849,Dāṭī,داطي
852,Shīrāzī,شيرازي
853,Burhānī,برهاني
854,ʿAzarī,عزري
856,Sārdūkī,ساردوكي
857,Madanī (Madānī),مدني (مداني)
859,Maḥbūbī (?),محبوبي (؟)
863,Ḥifyānī,حفياني
864,Yaʿzuwī,يعزوي
865,Mīrʿanī,ميرعني
867,Mahdī,مهدي
870,Khālidī,خالدي
871,Jabawī,جبوي
873,Nifāʿ,نفاع
874,Baḥturī,بحتري
875,Rāḍī,راضي
876,Firshī,فرشي
878,Dighirāwī,دغراوي
879,Nāwī,ناوي
880,Aqfarī,أقفري
881,Wafārī,وفارضي
885,Niʿmāwī,نعماوي
886,Dingharāī,دنغراي
890,Ghālī,غالي
892,Shuṭayhī,شطيهي
896,Shaylawī,شيلوي
897,Fūtajālī,فوتجالي
898,Asrī,اسري
899,Raqqādī,رقادي
900,Tanarghī,تنرغي
902,Ḥaddādī,حدادي
903,Badawī,بدوي
905,Nuʿmī,نعمي
906,Ḥijarī,حجري
907,ʿAllūshī,علوشي
909,Rawkazī,روكزي
912,Manshalīlī,منشليلي
913,Ashbīlī,أشبيلي
914,Qāṣādī,قاصادي
915,Iṣfahānī,إصفهاني
916,Ṭāhirī,طاهري
917,Maṭfarī,مطفري
918,Sanyāṭī,سنياطي
920,Amawī,أموي
921,Ḥanbalī,حنبلي
927,Jīrī,جيري
928,Fiqī,فقي
929,Waʿkarī,وعكري
930,Jadāfī,جدافي
936,Khaṭābī,خطابي
938,Mūritālī,موريتالي
939,Ḥakmī,حكمي
940,Jābawī,جابوي
941,Kasāʾī,كسائي
944,Banī,بني
947,Dāwudī,داودي
948,Mopti (Mūbti),مدينة موبت
952,Ḥawrānī,حوراني
954,Aḥmadī,أحمدي
956,Jākawī,جاكوي
959,Tamalī,تملي
961,Inkundarī,إنكندري
963,Damanhūrī,دمنهوري
965,Kandarī,كندري
967,Tawdinī,تودني
971,Kāwī,كاوي
973,Takrūrī,تكروري
974,Shirbīnī,شربيني
976,Jawrī,جوري
977,Marzūqī,مرزوقي
978,Aksīmī,أكسيمي
979,Nashhārī,نشهاري
981,Maḥfūẓī,محفوظي
982,ʿAmrūsī,عمروسي
983,Lubū,لبو
984,Amlīhī,أمليهي
988,Ghasānī,غساني
990,Qayṣarī,قيصري
992,Ṣāwī,صاوي
993,Jarbī,جربي
998,Ghayraghī,غيرغي
999,Barzalī,برزلي
1000,Inkundarī ?,إنكندري ؟
1001,Zaghawī ?,زغوي ؟
1004,Zajūlī,زجولي
1007,Rāmī,رامي
1008,Ḥaramī,حرمي
1009,Gao,كاو
1010,Sulṭānī,سلتاني
1011,Kurdufānī,كردفاني
1013,Jubahī,جبهي
1014,Samakī,سمكي
1016,Qaṣrī,قصري
1017,Kūtī,كوتي
1019,Shaghshāwī,شغشاوي
1020,Zaghurī,زغري
1021,Bilālī,بلالي
1022,Tadmakī,تدمكي
1023,Dhahabī,ذهبي
1024,Shādimī,شادمي
1025,Kaylānī,كيلاني
1031,Wāfī,وافي
1034,Zarhūnī,زرهوني
1035,Kalsūkī,كلسوكي
1036,Arhūnī,أرهوني
1038,Ag Illādī,أك الادي
1039,Tazrakīnī,تزركيني
1041,Bādi,بادي
1043,Khurṭūsī,خرطوصي
1044,Ḥarkī,حركي
1045,Sasandī,سسندي
1046,Mawlūdī,مولودي
1054,Būnī,بوني
1055,Wāḍī,واضي
1059,Wānawghī (?),وانوغي
1060,Baghayogho,بغيغ
1061,Wisrī,وسري
1066,Humburī,همبري
1067,Qaylūbī,قيلوبي
1068,Attalī,أتلي
1071,Dawnakī,دونكي
1074,ʿUthmānī,عثماني
1077,Balwasawī,بلوسوي
1078,Ghābīrī,غابيري
1079,Kawlakhī ?,كولخي ؟
1080,Arkī,أركي
1081,Ṭarāblusī,طرابلسي
1082,Kūnākī,كوناكي
1083,Būsayfī,بوسيفي
1084,Kawjājī,كوجاجي
1085,Baskarī,بسكري
1092,Zakī,زكي
1095,Arkazī,أركزي
1098,Zaqarwī,زقروي
1099,Taktantī,تكتنتي
1101,Daghūghī,دغوغي
1103,Shamsadī,شمسدي
1104,Dūnakawī,دونكوي
1106,Sharnūbī,شرنوبي
1108,Kāniṣī,كانصي
1109,Kurdūdī,كردودي
1110,Jabīrī,جبيري
1113,Maḥmadī,محمدي
1115,Kāshfirī,كاشفري
1116,Rayyāḥī,رياحي
1117,Ghāzī,غزي
1118,Hudhudī,هدهدي
1119,Shahrūrī,شهروري
1122,Ifrīqī,إفريقي
1126,Khawārzamī,خوارزمي
1127,Talmūdī,تلمودي
1129,Jayalī,جيلي
1132,Akhmāsī,أخماسي
1138,Zamūrī,زموري
1140,Sufyānī,سفياني
1144,Salālī,سلالي
1147,Qālībī,قليبي
1150,Shaʿwānī,شعواني
1152,Sināwinī,سناوني
1153,Busansadī,بسنسدي
1154,Balaylī,بليلي
1157,Būḥinī,بوحني
1158,Bayūmī,بيومي
1159,Agādī,أكادي
1162,Arzī,أرزي
1169,Maīdugurī,ميدغري
1173,Shāghārī,شاغاري
1174,Kurnar Asabī,كرنر أسبى
1175,Gwammaja,غومجا
1180,Sīssī  (Cissé),سيسي
1181,Maghīlī,مغيلي
1182,Adabī,أدبي
1183,Fīrāwī,فيراوي
1184,Ḥimyarī,حميري
1188,Yarwāwī,يرووي
1193,Shādī,شادي
1194,Kilawī,كلوي
1195,Makirārī,مكراري
1196,Būakyī,بوكي
1197,Gonja,غنجا
1201,Murtajī,مرتجي
1203,Timitī,تمتي
1205,Shuhutī,شهتي
1206,Kamghatī,كمغتي
1208,Arzaī,أرزى
1209,Kabāwa,كباوا
1210,Ashalan,أشلن
1211,Ṣanāwī,صناوى
1213,Kete Krakye,
1214,Saghanughu,سغنوغاوي
1217,Nāwī,ناوى
1220,"Gogorowin, Ivory Coast",غغروى
1221,Ilūrī,إلوري
1222,Fughlāwī,فغلاوى
1226,Fasrī,فسري
1227,Raḥmūnī,رحمونى
1230,Qāsamī,قاسمى
1232,Abūjā,أبوجا 
1234,Ghumrāwī,غمراوي
1235,Sukī,سكى
1240,Dūtuwī,دوتوي
1241,Maḥbūbī,محبوبي
1242,Madābaghī,مدابغي
1245,Bʿarabī,بعربي
1246,Wangharī,ونغري
1248,Ghalālī,غلالي
1249,ʿAskurī,عسكري
1250,Yaʿmarī,يعمري
1253,Janī,جني‏
1254,Naḥrāwī,نحراوي‏
1257,Raḥmanī,رحمني‏‏
1258,Manfalūṭī,منفلوطي
1260,Nīsābūrī,نيسابوري
1263,Karmānī,كرماني
1264,Marʿashī,مرعشي
1269,Dīrīnī,ديريني
1270,Iṣbahānī,إصبهاني‏
1271,Fāriyābī,فاريابي‏ ‬
1273,Khayālī,خيالي‏ ‬
1274,Shāṭibī,شاطبي
1276,Sujāʿaī,سُجاعي‏ ‬
1278,Wāqadī (Wardī ?),واقدي‏ (وردي ؟) ‬
1283,Sakandarī,سكندري
1284,Rahūnī,رهوني‏
1285,Ruʿaynī,رعيني‏
1288,Isnawī,إسنوي
1293,Anfāsī,أنفاسي
1294,Yazlayṭanī,يزليطني‏ ‬
1295,Warzāzī,ورزازي‏
1296,Saktānī,سكْتاني‏
1301,Tamūkalī,تموكلي
1303,Maʿalūṭī,معلوطي
1309,Shumunī,شُمُنّي‏ ‬‏
1310,Jārbardī,جاربرْدي‏
1313,Rūmī,رومي‏ ‬
1314,Ardbīlī,أردبيلي
1315,Jāmī,جامي
1316,Adranawī,أَدْرَنَوي‏
1317,Isfarāyni,إسفرايني
1320,Khabayṣī,خبيصي
1321,Ḥafnāwī,حفناوي‏
1322,ʿUlaymī,عُلَيْمي‏
1324,Maklātī,مكلاتي
1325,Mybadī,ميبدي‏
1326,Ubadī,أُبَّدي‏ ‬
1330,Suḥaymī,سُحَيْمي‏
1331,Saʿyidī,سعيدي‏
1332,Sharīshī,شريشي‏ ‬
1333,Ḥawshī,حوشي
1335,Sharīf,شريف
1336,Ḥaḍānī,حضاني
1337,Sakkākī,سكاكي
1343,Marjānī,مرجاني
1344,Balīdī,بليدي
1345,ʿAqalī,عقلي‏ ‬
1347,Tadūrmī,تدورمي‏
1348,ʿAdharī,عذري
1349,Jahanī,جهني
1350,Sammanūdī,سَّمَنُّودي‏ ‬
1352,Qarāfī,قرافي‏ ‬
1353,Ramalī,رملي
1354,Dalāʾī,دلائي‏ ‬
1355,Aywabī,أيوبي‏
1357,Yaḥyaī,يحيى
1359,Haytamī,هيتمي‏
1360,Jadhāmī,جذامي‏
1361,Najāʾī,نجائي
1364,Mijrādī,مجرادي‏
1366,Tinwajī,تنوخي‏ ‬
1369,Amhājir,َأمْهاجِر
1370,Dabāṭʾī,دباطائي
1374,Kāshī,كاشي
1377,Shakātī (?),شكاتي‏(‬؟‏)‬
1378,Hiṭṭī,هيطي
1380,Bākhalī,باخلي
1381,Jawbarī,جَوْبَري
1383,Baṭaliyūsī,بطليوسي‏
1384,Khuwayyī,خُوَيِّي‏
1386,ʿAzzūzī,عزوزي
1387,ʿUdayjī,عديجي
1388,Aʿmāmī,أعمامي
1389,Abābakī,أبابكي
1390,Abdūkulī,أبدوكلي
1391,Abhamī,أبهمي
1392,Abījī,أبيجي
1393,Āgdāshī,أگداشي
1394,Ajmallī,أجملي
1395,Akhtīrī,أختيري
1396,Alfaghī,ألفغي
1397,Arbaʿīnī,أربعيني
1398,Ashfaghī,أشفغي
1399,Awlād Sīdī,اولاد سيدي
1400,Bābaḥamdī,بابحمدي
1401,Bānʿamarī,بانعمري
1402,Banyūgī,بنيوگي
1403,Būtilimītī (Boutilimit: waṭanan),بوتلميتي
1404,Būḥubbaynī,بوحبيني
1405,Būmayjī,بوميجي
1406,Dankarī,دنكري
1407,Dmaysī,دميسي
1408,Dulaymī,دليمي
1409,Fāḍīlī,فاضلي
1411,Ghawātī,غواتي
1412,Ghurbī,غربي
1413,Gulālī,گلالي
1414,Gunānī,گناني
1415,Ḥarshī,حرشي
1416,Ḥijjājī,حجاجي
1417,Ḥubbaynī,حبيني
1418,Ibrāhīmī,إبراهيمي
1419,Idabbaʿmrī,إدبعمري
1420,Idagbāllī,إدكبالي
1421,Idagfūdī,إدگفودي
1422,Idakūjī,إدكوجي
1423,Idakwūdyī,إدَكُّودِي
1424,Idāshfaghī,إداشفغي
1425,Idawdanyuqbī,إدودنيعقبي
1426,Idayllbī,إيديلبي
1427,Idayllkī,إيديلكي
1428,Ikhwāwī,إخواوي
1429,Ikumlaylī,إيكمليلي
1430,Intishāʾī,إنتشائي
1431,Ishugānī,إشگاني
1432,Jummānī,جماني
1433,Kayhaydī,
1434,Khājīlī,خاجيلي
1435,Khawāwī,
1436,Lamḥājībī,لمحاجيبي
1438,Mubārikī,مباركي
1439,Muḥanḍnallī,محنضني
1440,Mūsānnī,موساني
1441,Mūsawī,موسوي
1442,Muslimī,مسلمني
1443,Najmurī,نجمري
1444,Nizārī,نزاري
1445,Rakkūnī,ركوني
1446,Ramẓānī,رمظاني
1447,Ruqaybī,رقيبي
1449,Saydāwī,سيداوي
1450,Shuqrawī,شقروي
1451,Sī,سي
1453,Ṣū,صو
1454,Subākī,سُباكي
1455,Sūninkī,سونينكي
1456,Tāgnītī,تاكنيتي
1457,Ṭalābī,طلابي
1458,Tāmglāwī,تامكلاوي
1459,Tiknī,تكني
1461,Tmaddakī,تمدكي
1462,Turkuzī,تركزي
1463,Wādnūnī,وادنوني
1464,Wasrī,وسري
1465,Wulufī,ولووف
1466,Yadnhanḍī,يدنهنضي
1467,Yaḥyāwī,يحيوي
1468,Yusufī,يوسفي
1469,Zalmāṭī,زلماطي
1470,Zaynabī,زينبي
1471,Zuʾaymī,زعيمي
1474,Mahẓarī,محظري
1476,Jāhalī,جاهاي
1485,Jubīhī,جبيهي
1488,Amhānī,أمهاني
1489,Bῡrī,بوري
1490,Turkī,تركي
1491,Tafī,تفي
1492,Tamdhī,تمذي
1493,Tamrat,تمرت
1494,Jarsifī,جرسيفي
1495,Jazāmī,جزامي
1497,Jalῡnī,جلوتي
1498,Dardīrī,درديري
1499,Dakῡrī,دكوري
1500,Ramāni,رماني
1501,Zamānī,زماني
1502,Zamkharshī,زمخرشي
1503,Saʿnawī,سعنوي
1504,Samnunī,سمنوني
1505,Shablanji,شبلنجي
1508,Kabāsī,كباسي
1509,Kanjῡrī,كنجوري
1510,Kūrānī,كوراني
1511,Kaykawī,كيكوي
1512,Laḥnūwī,لحنوي
1513,Marsī,مرسي
1515,Waqaṣī,وقصى
1516,Yῡnī,يوني
1517,Abshīhī,أبشيهي
1518,Bujbihī,بوجبهي
1519,Habaṭī,هبطي
1520,Hūzālī,هوزالي
1521,Idaw ʿAlī,أدو علي
1522,Idawrīsh,إدريس
1523,Inūkandarī (al-Inkundarī?),أنوكندري (الإنكندري?)
1524,Istānbūlī,إستانبولي
1525,Jamzūrī,جمزوري
1526,Jarāy,جراي
1527,Kutāmī,كُتَامي
1528,Mahzῡlī,مهزولي
1529,Mustaghānamī,مُسْتَغانِمي
1530,Qarnūnī,قرنوني
1531,Sadāwī,سداوي
1535,Satrakawī,ستركوي
1536,Trāwarī (Traoré),تراوري
1537,Bākanghī,باكنغي
1538,Qatanī,قتني
1539,Ḥallī,حلى
1540,Washī,وشى
1541,Kāhī,كاهى
1542,Saʿadawī,سعدوى
1543,Marjāzīj,مرجازيج
1544,Tarāwarī,تراوري
1546,Banhasī,بنهسي
1547,Sanmawī,سنموى
1549,Kῡrīsī,كوريسى
1550,Waghlānī,وغلانى
1551,Gharshī,غرشي
1552,Darāmī,درامي
1553,Daʾī,ضائي
1554,Baṣīrī,بصيري
1555,Ghallānī,غلاني
1556,Sarkī,سركي
1557,Kayyī,كي
1558,Tawrī,تورى
1559,Imāmī,إمامبي
1562,Dukuri,دكر
1563,‘Alaywī,عليوي
1565,Ta‘afī,تعفي
1566,Jaytī,جيتي
1567,Bīnatimi,بينتم
1568,Ṣamārī,صماري
1569,Jaytīī,جيتي
1571,Ḍaybī,ضيبى
1572,Tarāwarī,تراوري
1574,ʿAmūshī,عموشي
1577,Anmāṭī,أنماصي
1578,Kisāy,كساي
1579,Maḥṭūnī,محطوني
1580,Maṣrānī,مصراني
1581,Nasbi,نسبي
1582,Qarnī,قرني
1583,Qurayshī,قريشي
1584,Ṭawāshī,طواشي
1587,Bābī,بابي
1588,Balfītī,بلفيتي
1589,Darābī,درابي
1590,Kulikī,كلكي
1591,Sataraī,سترى
1592,ʿArabī,عربي
1594,ʿUrtῡnī,عرتوني
1596,Hādī,هادي
1598,Jūrānī,جوراني
1599,Kharṭūsī,خرطوسي
1601,Qawsī,قوسي
1603,Samʿānī,سمعاني
1604,Shanbakī,شنبكي
1605,Sunsudī,سنسدي
1606,Bāmawī,باموي
1607,Bāmī,بامي
1609,Didi,ديد
1610,Dunbarī,دنبري
1611,Gharadī,غردي
1612,Ḥaīdarawī,حيدروي
1613,Hawi,هوى
1614,Kanābī,كنابي
1615,Kῡrukī,كوركي
1616,Nādī,نادي
1617,Santāwī,سنتاوي
1619,Suri,صور
1620,Wākī,واكي
1621,Yabātī,يباتي
1625,Dīllī,ديلي
1626,Khazūbī,خزوبي
1627,Gharnunī,غرنوني
1628,Farāʿnī,فرعاني
1629,Sātarī,ساتري
1630,Qardi,قارضي
1631,Fahath,فاهث
1632,Awshī,أوشي
1633,Aʿmash,أعمش
1634,Ṭafarānī,طفراني
1635,Dukālī,دكالي
1636,Thῡrī,ثورى
1637,Bῡsī,بوسي
1638,Makhali,مخلي
1639,Ṭīlīṭalī,طيليطلي
1640,Buntyūsī,بنطيوسي
1641,ʿAbdarī,عبدري
1642,Kaywī,كيوي
1643,Tughughī,طغوغي
1644,Tarawalī,ترول
1645,ʿAbdawi,عبدوي
1647,ʿĀmalī,عاملي
1648,ʿAshmāwī,عشماوي
1649,ʿAwsī,عوسي
1650,Āʿrābī,أعرابي
1651,Adwazī,أدوزي
1652,Anbābī,أنبابي
1653,Ūshī,أوسي
1654,Baghdāmisī,بغدامسي
1655,Balārabī,بلاربى
1656,Balārabī,غسوي
1657,Balārī,بلاري
1658,Balṭī,بلطي
1659,Barī,بري
1660,Barīshī,بريشي
1661,Barmakī,برمكي
1662,Barnāqī,برناقي
1663,Barnūsī,برنوسي
1664,Bawshī,بوشي
1665,Biblāwī,ببلاوي
1666,Biruṭī,بروطي
1667,Biṭrādī,بطرادي
1668,Buʿumrānī,بعمراني
1669,Buḥturī,بحتري
1670,Buhuwatī,بُهُوتي‏
1671,Bundūkī,بندكي
1672,Būṣīrī,بوصيري
1673,Būtilimītī,بوتلميتي
1674,Daḥḥālī,دحالي
1675,Dajānī,دجاني
1676,Dakūdī,دكودي
1677,Dayrabī,ديربي
1678,Fādakī,فادكي
1679,Farghānī,فرغاني
1680,Fayyūmī,فيومي
1681,Fuqlāwī,فقلاوي
1682,Fūtajāllī,فوتجلي
1683,Ghamārī,غماري
1684,Ghāwī,غاوي
1685,Ghayaṭī,غيطي
1686,Ghumrī,غمري
1687,Ghusawī,غسوي
1688,Ḥabashī,حبشي
1689,Ḥajūjī,حجوجي
1690,Hāmī,حامي
1691,Ḥātimī,حاتمي
1692,Ḥawsāwā,حوساوا
1693,Ḥawsī,حوسي
1694,Ḥijāzī,حجازي
1695,Ḥillī,حلي
1696,Ḥuḍaykī,حُضَيْكي‏
1697,Ḥurīfīshī,حريفشي
1698,IdawʿAlī,إدوعلي
1699,Ijalābī,إجلابي
1701,Jalalī,صنبياتي
1702,Janlawī,جنلوي
1704,Kabawī,كبوي
1705,Kalāʿī,كلاعي
1706,Kallādī,كلادي
1707,Kanū,كنوا
1708,Katāgumī,كتاغمي
1709,Khashʿamī,خشعمي
1710,Khayrānī,خيراني
1711,Khulwatī,خلوتي
1712,Kurdī,كردي
1713,Lamṭī,لمطي
1714,Lubuwī,لبوي
1715,Maʿāfirī,معافري
1716,Maʿarī,معري
1717,Maghrāwī,مغراوي
1718,Māghūsī,ماغوسي
1719,Maḥallī,محلي
1720,Makhzūmī,مخزومي
1721,Mankaqūdhī,منكقوذي‏
1722,Manūfī,منوفي
1723,Marghitī,مرغتي
1724,Maydānī,ميداني
1725,Mubārakī,مباركي
1726,Muhājirī,مهاجري
1727,Muhallabī,مهلبي
1728,Nāblusī,نابلسي
1729,Nabtītī,نبتيتي
1730,Nafazī,نفزي‏ ‬
1731,Naẓīfī,نظيفي
1732,Qaylabī,قيلبي
1733,Quḍāʿī,قضائي
1734,Qudsī,قدسي
1735,Qusnaṭīnī,قسنطيني
1736,Rabbāṣī,رباصي
1737,Rāfiʿ,رافعي
1738,Rajrājī,رجراجي‏ ‬
1739,Rajrājī,رجراجي
1740,Rashīdī,رشيدي
1741,Rubaṭāʾī,ربطائي
1742,Ṣaʿaydī,صعيدي
1743,Ṣaffūrī,صفوري
1744,Samarqandī,سمرقندي
1745,Sambarī,سمبري
1746,Sanbāwī,سنباوي
1747,Saylāwī,سيلاوي
1748,Shaʿrānī,شعراني
1749,Shabrakhītī,شبرخيتي
1750,Shahāwī,شهاوي
1751,Sharjī,شَّرجي  شَّرجي
1752,Sharqī,شرقي
1754,Sīdibī,سيدبي
1755,Sijlmāsī,سجلماسي
1756,Suhaylī,سهيلي
1757,Sūnikī,سونكي
1758,Suwarī,زاغاوي
1759,Tadlāwī,تدلاوي‏ ‬
1760,Taqarī,تقري
1761,Tarāwīlī (Ṭarābulsī ?),تراويلي (طرابلسي ؟)
1762,Ṭaṣfāwī,طصفاوي
1763,Tūdī,تودي
1764,Ṭughrāʾī,طغرائي
1765,Turkazī,تركزي
1766,Tūzūrī,توزري
1767,Ushmūnī,أشموني
1768,Waghlīsī,وغليسي
1769,Waryandī,وريندي
1770,Wurqī,ورقي
1771,Ẓāhirī,ظاهري
1772,Zajjājī,زجاجي
1773,Zajlī,زجلي
1774,Zanjawī,زنجوي
1775,Zarnūjī,زرنوجي
1776,Zanjawī,زنجوي
1900,ʿAllāma,علامة
1901,ʿAmmānī,عماني
1902,ʿAnānī,عناني
1903,ʿAnbārī,عنبري
1904,ʿArmayuni,عرميوني
1905,Ajdābī,أجدابي
1906,Adūnī,أدوني
1907,Aghdasī,اغدسي
1908,Aqīt,أقيت
1909,Arūsī,عروسي
1910,Aūsī,أوسي
1912,Baʿāwī,بعاوي
1913,Bādīsī,باديسي
1914,Bāghirmāwī,باغرماوي
1915,Baghūnī,بغوني
1916,Bahnasī,بهنسي
1917,Bālaṣūtī,بالصوتي‏
1918,Banbarī,بنبري
1919,Banbāwī,بنباوي
1920,Barāthʿaī,براذعي
1921,Barjamī,برجمي
1922,ʿAbsī,عبسي
1923,Baṭṭūʾī,بطوئي
1924,Bidawī,بدوي
1925,Būḥubaynī,بوحبيني
1926,Burmawī,برموي
1927,Burūjī,بروجي
1928,Būsʿadī,بوسعيدي
1929,Būtījī,بوتيجي
1930,Daghrī,دغري
1931,Dakūjī,دكوجي
1932,Damāmīnī,دماميني
1933,Fagge,فغى
1934,Fārābī,فارابي‏
1935,Faraḍī,فرضي
1936,Farmūkī,فرموكي
1937,Fāruqī,فاروقي
1938,Fiḥrī,فهري
1939,Fishnī,فشني
1940,Fundukī,فندكي
1941,Gallādī,كلادي
1942,Ghalānī,غلاني
1943,Ghanawi,غناوي
1944,Gharqāwī,غرقاوي
1945,Ghasarkamī,غسركمي
1946,Ghashawī,غشوي
1947,Ghaydamī,غيدمي
1948,Ghazāwī,غزاوي
1949,Gusau,غسوي
1950,Hadālī,هدالي
1952,Ḥalbī,حلبي‏
1953,Harawī,هروي
1954,Ḥārithī,حارثي
1955,Harrarī,هرري
1956,Hārūshī,هاروشي
1957,Ḥusnī,حسني
1958,Hashῡkī,هشوكي
1959,Hawwārīi,هواري
1960,Ḥāzimī,حازمي
1961,Ḥurūfī,حروفي
1962,Ifrānī,إيفراني
1963,Irbilī,اربلي
1965,Jabihī,جبهي
1966,Janānī ?,جنلوي
1967,Janbalī,جنبلي‏ ‬ ‬‬
1968,Jāwī,جاوي
1969,Jayyānī,جياني
1970,Jirjāwī,جرجاوي
1971,Juwaybārī (?),جويباري
1972,Kaʿajājī,كعجاجي
1973,Kākī,كاكي
1974,Kanārī,كناري
1975,Kansūsī,كنسوسي
1976,Karāmī,كرامي
1977,Karīnsuwī,كرينسوي
1978,Kasanmī,كسنمي
1979,Katabī,كتبي
1980,Kattānī,كتاني
1981,Khalwati,خلواتي
1982,Kharāsānī,خراساني
1983,Khathʿamī,خثعمي
1984,Kilānī,كيلاني
1987,Kiyarī,كيري
1988,Kūrāwā,كوراوا
1989,Laghlāl,لغلالي
1990,Maʿadānī,معداني
1991,Madbāwī,مدباوي
1992,Madmūrī,مدموري
1993,Māghumī,ماغمي
1995,Malāllī,ملالي
1996,Malawi,ملاوي
1997,Malawī,ملوي‏
1998,Mansufīrī,منسفيري
1999,Maqarī,مقري‏
2000,Māraqī,مارقي
2001,Marwazī,مروزي
2002,Mislimī,مسلمي
2003,Muʿārifī,معارفي
2004,Mūsānī,موساني
2005,Najībī,نجيبي
2006,Naqshabandī,نقشبندي
2007,Naysābūrī,نيسابوري
2008,Nufāwī,نفاوي
2009,Qālī,قالي
2010,Qaramānī,قَرَماني‏
2011,Qargharī,قرغري
2012,Qarmālī,قرمالي
2013,Qawrī,قوري
2014,Qinānī,قناني
2015,Qirlāwī,قرلاوي
2017,Qushāshī,قشاشي
2018,Qusṭanṭīnī (?),قسطنطيني (?)
2020,Rabbānī,رباني
2021,Raghawī,رغوي
2022,Randī,رندي‏
2023,Saʿīdī,صعيدي
2024,Saʿūdī,سعودي
2025,Ṣaʿughī,صعوغي
2026,Ṣafādī,صفادي
2027,Sāḥlī,ساحلي
2028,Salmānī,سلماني
2029,Șanbiyātī,صنبياتي
2030,Sansāwī,سنساوى
2031,Saraqusṭī,سرقسطي
2032,Sarāwī,سراوي
2033,Shafshāwnī,شفشاوني
2034,Sharqāwī,شرقاوي
2035,Shāwurī,شاوري
2036,Shiblī,شبلي
2037,Shūburā,شوبري
2038,Ṣiddīqī,صديقي
2039,Sindī,سندي
2040,Sinnarī,سناري
2041,Sitrāʾī,ستراي
2042,Tafjarūnī,تفجروني
2043,Taghtīnī,تغتيني
2044,Taḥtānī,تحتاني
2045,Tārqī,تارقي
2046,Ṭawāraqī,طوارقي
2047,Tshādī,تشادي
2048,Ṭūbawī,طوبوي
2049,Tūzī,توزي
2050,Wāʾilī,وائلي
2051,Wardī,وردي
2052,Warghamī,ورغمي
2053,Waṣābī,وصابي
2054,Wasanī,وسني
2055,Washṭaṭī,وشطاطي
2056,Watarī,وتري
2057,Wīwī,ويوي
2058,Wudālī,سميلي
2059,Yaḥṣubī,يحصبي
2060,Yākāsī,ياكاسي
2061,Yaqūrī (Yaʿmarī?),يقوري (يعمري ؟)
2062,Yāwurī,ياوري
2063,Zaʿaymī,زعيمي
2064,Zabarmārī,ذبرماري
2065,Zaghalī,زغلي
2066,Zajlāwī,زجلاوي
2067,Zamakhsharī,زمخشري
2068,Zanghun Barībarī,ذنغن بريبري
2069,Zarʿī,زرعي
2070,Zarkashī,زركشي
2071,Zaydī,زيدي
2072,Zaydī,شَّرجي  شَّرجي
2073,Zaytūnī,زيتوني
2074,Kulubali,كلبل
2075,Wangarī,ونغري
2076,Dalāṣī,دلاصي
2077,Barnῡmī,برنومي
2078,Tahāmī,تهامي
2079,Kῡradī,كوردي
2080,Tāwī,تاوى
2081,Tarsānī,ترساني
2082,Bakārī,بكاري
2083,Yaytī,تيتي
2084,Lamī,لمي
2085,Sankāri,سنكار
2086,Ghawghī,غوغي
2087,Kinīnī,كنيني
2088,Sanbari,سنبر
2089,Sillā,سلا
2090,Jābī,جابي
2091,Jitī,جتي
2092,Zāghawī,زاغوى
2093,Kinatī,كنتى
2094,Armabī,ارمبى
2095,Bakkay,بكاي
2097,Buṣārī,بوصاري
2098,Arzaqi,أرزق
2099,Sina,سن
2100,Dῡnikī,دونكي
2101,Jābi,جاب
2102,Wulālabī,وُلالبي
2103,Rīrasāni,ريرسان
2104,Hashī,هشى
2105,Zaʿrānī,زعراني
2106,Kabayῡwī,كَبَيُوَيَ
2107,Kabrī,كبرى
2108,Sarbī,
2109,Danbilī,دَ نْبلى
2110,Mῡdī,مودي
2111,Bādirnī,بادرني
2112,Gharawī,غروي
2113,Futῡḥi,
2114,Rajjī,رجي
2115,Kāhī,كاهي
2116,Samaki,سَمَكِ
2117,Gharaki,غرك
2118,Bamakī,بمكي
2119,Taʿfī,تعفى
2120,Sīlla,سِيلاَ
2146,Saḥnῡnī,سحنوني
2147,Matrῡkashī,متروكشي
2148,Lughawī,لغوي
2149,Bakī,بكي
2150,Murasī,مراسي
2151,Bazi,بازي
2152,Mawi,موي
2153,Kawki,كوكي
2154,Manṣῡrī,منصوري
2155,Liqāʾī,لقائي
2156,Tastari,تسترى
2157,Nānī,ناني
2158,Ghāfaʿī,غافعي
2159,Tarātamī,تراتمي
2160,Shadrawi,شدراوي
2161,Kāshaʿrī,كاشعري
2162,Jararī,جرري
2163,Qasārnī,قسارنى
2164,Darānī,دراني
2165,Mashīshī,مشيش
2166,Zayyani,زيني
2167,Wahari,وهري
2168,Ḥarīthnī,حريثني
2169,Marzārῡnī,مرز أرواني
2170,Aʿyyāsī,أعياسي
2171,Kurdafāy,كردفاي
2172,Aṣmaʿī,أصمعي
2173,Sansandī,سنسندي
2174,Mādī,مادي
2175,Dambalī,دمبلى
2176,Maṭī,مطي
2177,Jabiyyi,جبيى
2178,Qarawī,قروي
2179,Qarninī,قرىني
2180,Wākarī,واكري
2181,Saharῡdī,سهرودي
2182,Takbanghī,تكبنغي
2183,Zanānī,زناني
2188,Ṭawsī,طوسي
2189,Maḥṭurī,محطري
2190,Tabrῡqī,تبروقي
2191,Balṣadī,بلصدي
2192,Marghathanānī,مرغثناني
2193,Marṣafī,مرصفي
2194,Wakabī,وكبي
2195,Jawādī,جوادي
2196,Watāwī,وتاوي
2197,Tartabī,ترتبى
2198,Kalī,كلي
2199,Saṭāmī,صطامي
2200,Sankī,سنكي
2201,ʿAshārnī,عشارني
2202,Dawlī,دولي
2203,Filānī,فيلاني
2204,Shanafī,شنفي
2205,Rafaʿī,رفعي
2206,Fānī,فاني
2207,Danmabalī,دنمبلي
2208,Shanshī,شنشى
2209,Funī,فُنى
2210,Naytaya,نَيْتَىَّ
2211,Mabay,مَابَائ
2212,Ghamtawī,غمتوى
2213,Zaghatī,زغتى
2214,Jurī,جرى
2215,Sarmī,سرمي
2216,Tandawi,تَنْدَوِيُ
2217,Fafī,ففى
2218,Zānḥawī,زانحوى
2219,Sāghῡkatī,ساغو كتي
2220,Bāʾukī,باوْكي
2221,Sirmī,سرمي
2222,Ghīrāwī,غيراوي
2223,Kunānī,كُنَايِى
2224,Thakbarī,ثكبري
2225,Kārnabī,كارنبي
2226,Farmakī,فرمكي
2227,Njaʿtī,انجتى
2228,Tararalī,تررلى
2255,Athārī,آثاري
2256,Ṭitwānī,تطواني
2257,Ṭaḥāwī,طحاوي
2258,Kibī,كبي
2259,Tabrīzī,تبريزي
2260,Fashalī,فشلي
2261,Raqaʿī,رقعي
2262,Futawī,فتوى
2263,Taʿālī,تعالي
2264,Zuharī,زهري
2265,Qaṣarī,قصرى
2266,Ghazawnī,غزوني
2267,Yabī,يبي
2268,Ḥafrāy,حفراي
2269,Alaʿī,الألعي
2270,Daylānī,ديلاني
2271,Shaknāwī,شكناوي
2272,Nārʿanī,نارعني
2273,Makanī,مكني
2274,Busṭāmī,بصطامي
2275,Buwī,بُوِي
2288,Nājī,ناجي
2289,Tarḥasnān,ترحسناني
2290,Namānī,نماني
2291,Ghalādī,غلادي
2292,Azawadi,عزودي
2293,Ḥarīshī,حريشي
2294,Ḥarṭānī,حرطاني
2295,Ḥaysī,حيسي
2297,Kāhymī,كاهيمى
2298,Kasmīnī,كسميني
2299,Qayshīrī,قيشيري
2300,Sabāʿī,سباعى
2301,Sakawī,سكوى
2302,Sālamī,سالمي
2303,Jawkayūtī,جوكيوتي
2304,Shāmī,شامى
2305,Tāfāṭī,تافاطي
2306,Wādamī,وادمى
2307,Waghlānī,وغلاني
2308,Damī,دمي
2309,Damilī,دَمِلِى
2310,Danmilī,دَنْملى
2311,Ghawanī,غوني
2312,Hāshmī,هشمي
2313,Kabῡrī,كبوري
2314,Kabayawī,كبيوى
2315,Kankawī,كنكوي
2316,Kaykamī,كيكمي
2317,Sanfī,سنفي
2318,Sarbī,سربي
2319,Shīshī,شيشى
2320,Sirī,سري
2323,Kel Inshirīʿ,كل انشريع
2324,Buqālī,بقالى
2325,Anwakandirī,أنوكندري
2329,Qutayba,قتيبة
2331,Shaʿwānī,شعواني
2332,Dasūqī,دسوقي
2333,Brūsawī,بروسوي
2334,Asfarāyīnī,أسفراييني
2335,Buhasani,بوحسني
2336,Saganawī,سغنوي
2337,Saḥnūnī,سحنوني
2338,Būghī,بوغي
2339,Qāhirī,قاهري
2340,Damīrī,دميري
2341,Ruhūnī,رهوني
2342,Zawāwī,زواوي
2343,Khawārazmī,خوارزمي
2344,Sīdi ʿĀlī,السيد عالي